ID,Title
NGDPDSAIXARQ,Gross Domestic Product Deflator for Argentina
NGDPDSAIXAUQ,Gross Domestic Product Deflator for Australia
NGDPDSAIXBRQ,Gross Domestic Product Deflator for Brazil
NGDPDSAIXCAQ,Gross Domestic Product Deflator for Canada
NGDPDSAIXDEQ,Gross Domestic Product Deflator for Germany
NGDPDSAIXESQ,Gross Domestic Product Deflator for Estonia
NGDPDSAIXFRQ,Gross Domestic Product Deflator for France
NGDPDSAIXGBQ,Gross Domestic Product Deflator for Great Britain
NGDPDSAIXIDQ,Gross Domestic Product Deflator for Indonesia
NGDPDSAIXITQ,Gross Domestic Product Deflator for Italy
NGDPDSAIXJPQ,Gross Domestic Product Deflator for Japan
NGDPDSAIXKRQ,Gross Domestic Product Deflator for Republic of Korea
NGDPDSAIXMXQ,Gross Domestic Product Deflator for Mexico
NGDPDSAIXPLQ,Gross Domestic Product Deflator for Poland
NGDPDSAIXTRQ,Gross Domestic Product Deflator for Turkey
NGDPDSAIXUSQ,Gross Domestic Product Deflator for United States
NGDPDSAIXZAQ,Gross Domestic Product Deflator for South Africa
NGDPNSAXDCARQ,Nominal Gross Domestic Product for Argentina
NGDPNSAXDCAUQ,Nominal Gross Domestic Product for Australia
NGDPNSAXDCBRQ,Nominal Gross Domestic Product for Brazil
NGDPNSAXDCCAQ,Nominal Gross Domestic Product for Canada
NGDPNSAXDCDEQ,Nominal Gross Domestic Product for Germany
NGDPNSAXDCESQ,Nominal Gross Domestic Product for Estonia
NGDPNSAXDCFRQ,Nominal Gross Domestic Product for France
NGDPNSAXDCGBQ,Nominal Gross Domestic Product for Great Britain
NGDPNSAXDCIDQ,Nominal Gross Domestic Product for Indonesia
NGDPNSAXDCINQ,Nominal Gross Domestic Product for India
NGDPNSAXDCITQ,Nominal Gross Domestic Product for Italy
NGDPNSAXDCJPQ,Nominal Gross Domestic Product for Japan
NGDPNSAXDCKRQ,Nominal Gross Domestic Product for Republic of Korea
NGDPNSAXDCMXQ,Nominal Gross Domestic Product for Mexico
NGDPNSAXDCPLQ,Nominal Gross Domestic Product for Poland
NGDPNSAXDCRUQ,Nominal Gross Domestic Product for Russia
NGDPNSAXDCSAQ,Nominal Gross Domestic Product for Saudi Arabia
NGDPNSAXDCTRQ,Nominal Gross Domestic Product for Turkey
NGDPNSAXDCUSQ,Nominal Gross Domestic Product for United States
NGDPNSAXDCZAQ,Nominal Gross Domestic Product for South Africa
NGDPRNSAXDCARQ,Real Gross Domestic Product for Argentina
NGDPRNSAXDCAUQ,Real Gross Domestic Product for Australia
NGDPRNSAXDCBRQ,Real Gross Domestic Product for Brazil
NGDPRNSAXDCDEQ,Real Gross Domestic Product for Germany
NGDPRNSAXDCESQ,Real Gross Domestic Product for Estonia
NGDPRNSAXDCFRQ,Real Gross Domestic Product for France
NGDPRNSAXDCGBQ,Real Gross Domestic Product for Great Britain
NGDPRNSAXDCIDQ,Real Gross Domestic Product for Indonesia
NGDPRNSAXDCINQ,Real Gross Domestic Product for India
NGDPRNSAXDCITQ,Real Gross Domestic Product for Italy
NGDPRNSAXDCJPQ,Real Gross Domestic Product for Japan
NGDPRNSAXDCKRQ,Real Gross Domestic Product for Republic of Korea
NGDPRNSAXDCMXQ,Real Gross Domestic Product for Mexico
NGDPRNSAXDCPLQ,Real Gross Domestic Product for Poland
NGDPRNSAXDCRUQ,Real Gross Domestic Product for Russia
NGDPRNSAXDCSAQ,Real Gross Domestic Product for Saudi Arabia
NGDPRNSAXDCTRQ,Real Gross Domestic Product for Turkey
NGDPRNSAXDCUSQ,Real Gross Domestic Product for United States
NGDPRNSAXDCZAQ,Real Gross Domestic Product for South Africa
NGDPRSAXDCARQ,Real Gross Domestic Product for Argentina
NGDPRSAXDCAUQ,Real Gross Domestic Product for Australia
NGDPRSAXDCBRQ,Real Gross Domestic Product for Brazil
NGDPRSAXDCCAQ,Real Gross Domestic Product for Canada
NGDPRSAXDCDEQ,Real Gross Domestic Product for Germany
NGDPRSAXDCESQ,Real Gross Domestic Product for Estonia
NGDPRSAXDCFRQ,Real Gross Domestic Product for France
NGDPRSAXDCGBQ,Real Gross Domestic Product for Great Britain
NGDPRSAXDCIDQ,Real Gross Domestic Product for Indonesia
NGDPRSAXDCITQ,Real Gross Domestic Product for Italy
NGDPRSAXDCJPQ,Real Gross Domestic Product for Japan
NGDPRSAXDCKRQ,Real Gross Domestic Product for Republic of Korea
NGDPRSAXDCMXQ,Real Gross Domestic Product for Mexico
NGDPRSAXDCPLQ,Real Gross Domestic Product for Poland
NGDPRSAXDCSAQ,Real Gross Domestic Product for Saudi Arabia
NGDPRSAXDCTRQ,Real Gross Domestic Product for Turkey
NGDPRSAXDCUSQ,Real Gross Domestic Product for United States
NGDPRSAXDCZAQ,Real Gross Domestic Product for South Africa
NGDPSAXDCARQ,Nominal Gross Domestic Product for Argentina
NGDPSAXDCAUQ,Nominal Gross Domestic Product for Australia
NGDPSAXDCBRQ,Nominal Gross Domestic Product for Brazil
NGDPSAXDCCAQ,Nominal Gross Domestic Product for Canada
NGDPSAXDCDEQ,Nominal Gross Domestic Product for Germany
NGDPSAXDCESQ,Nominal Gross Domestic Product for Estonia
NGDPSAXDCFRQ,Nominal Gross Domestic Product for France
NGDPSAXDCGBQ,Nominal Gross Domestic Product for Great Britain
NGDPSAXDCIDQ,Nominal Gross Domestic Product for Indonesia
NGDPSAXDCITQ,Nominal Gross Domestic Product for Italy
NGDPSAXDCJPQ,Nominal Gross Domestic Product for Japan
NGDPSAXDCKRQ,Nominal Gross Domestic Product for Republic of Korea
NGDPSAXDCMXQ,Nominal Gross Domestic Product for Mexico
NGDPSAXDCPLQ,Nominal Gross Domestic Product for Poland
NGDPSAXDCTRQ,Nominal Gross Domestic Product for Turkey
NGDPSAXDCUSQ,Nominal Gross Domestic Product for United States